periodID,percentiles,indicator
1,90.0,4.170032e-05
1,50.0,4.0741994e-05
1,10.0,3.9975068e-05
2,90.0,
2,50.0,
2,10.0,
3,90.0,
3,50.0,
3,10.0,
