periodID,percentiles,indicator
2,90.0,4.384654e-05
2,50.0,4.17855e-05
2,10.0,4.028452e-05
3,90.0,4.321358e-05
3,50.0,4.1425155e-05
3,10.0,3.9434803e-05
