periodID,percentiles,indicator
1,90.0,4.1567233e-05
1,50.0,4.083092e-05
1,10.0,4.0075127e-05
2,90.0,
2,50.0,
2,10.0,
3,90.0,
3,50.0,
3,10.0,
