periodID,percentiles,indicator
2,10,4.0159266e-05
2,50,4.2457494e-05
2,90,4.505029e-05
3,10,4.0470863e-05
3,50,4.2896016e-05
3,90,4.520987e-05
