periodID,percentiles,indicator
2,90.0,4.569863e-05
2,50.0,4.3644417e-05
2,10.0,4.141883e-05
3,90.0,4.8732345e-05
3,50.0,4.474502e-05
3,10.0,4.211149e-05
